{
  "releases": {
    "1.0.5": [
      "[New] The command line interface now provides some helpful help! - #2372. Thanks @j-f1!",
      "[New] Create new branches from the Branches foldout - #2784",
      "[New] Add support for VSCode Insiders - #3012 #3062. Thanks @MSathieu!",
      "[New] Linx: Add Atom and Sublime Text support - #3133. Thanks @ziggy42!",
      "[New] Linux: Tilix support - #3117. Thanks @ziggy42!",
      "[New] Linux: Add Visual Studio Code support - #3122. Thanks @ziggy42!",
      "[Improved] Report errors when a problem occurs storing tokens - #3159",
      "[Improved] Bump to Git 2.14.3 - #3146",
      "[Improved] Don't try to display diffs that could cause the app to hang - #2596",
      "[Fixed] Handle local user accounts with URL-hostile characters - #3107",
      "[Fixed] Cloning a repository which uses Git LFS would leave all the files appearing modified - #3146",
      "[Fixed] Signing in in the Welcome flow could hang - #2769",
      "[Fixed] Properly replace old Git LFS configuration values - #2984"
    ],
    "1.0.5-beta1": [
      "[New] Create new branches from the Branches foldout - #2784",
      "[New] Add support for VSCode Insiders - #3012 #3062. Thanks @MSathieu!",
      "[New] Linx: Add Atom and Sublime Text support - #3133. Thanks @ziggy42!",
      "[New] Linux: Tilix support - #3117. Thanks @ziggy42!",
      "[New] Linux: Add Visual Studio Code support - #3122. Thanks @ziggy42!",
      "[Improved] Report errors when a problem occurs storing tokens - #3159",
      "[Improved] Bump to Git 2.14.3 - #3146",
      "[Improved] Don't try to display diffs that could cause the app to hang - #2596",
      "[Fixed] Handle local user accounts with URL-hostile characters - #3107",
      "[Fixed] Cloning a repository which uses Git LFS would leave all the files appearing modified - #3146",
      "[Fixed] Signing in in the Welcome flow could hang - #2769",
      "[Fixed] Properly replace old Git LFS configuration values - #2984"
    ],
    "1.0.5-test1": [],
    "1.0.5-test0": [],
    "1.0.5-beta0": [
      "[New] The command line interface now provides some helpful help! - #2372. Thanks @j-f1!"
    ],
    "1.0.4": [
      "[New] Report Git LFS progress when cloning, pushing, pulling, or reverting - #2226",
      "[Improved] Increased diff contrast and and line gutter selection - #2586 #2181",
      "[Improved] Clarify why publishing a branch is disabled in various scenarios - #2773",
      "[Improved] Improved error message when installing the command Line tool fails - #2979. Thanks @agisilaos!",
      "[Improved] Format the branch name in \"Create Branch\" like we format branch names elsewhere - #2977. Thanks @j-f1!",
      "[Fixed] Avatars not updating after signing in - #2911",
      "[Fixed] Lots of bugs if there was a file named \"HEAD\" in the repository - #3009 #2721 #2938",
      "[Fixed] Handle duplicate config values when saving user.name and user.email - #2945",
      "[Fixed] The \"Create without pushing\" button when creating a new pull request wouldn't actually do anything - #2917 #2917"
    ],
    "1.0.4-beta1": [
      "[New] Report Git LFS progress when cloning, pushing, pulling, or reverting - #2226",
      "[Improved] Increased diff contrast and and line gutter selection - #2586 #2181",
      "[Improved] Clarify why publishing a branch is disabled in various scenarios - #2773",
      "[Improved] Improved error message when installing the command Line tool fails - #2979. Thanks @agisilaos!",
      "[Improved] Format the branch name in \"Create Branch\" like we format branch names elsewhere - #2977. Thanks @j-f1!",
      "[Fixed] Avatars not updating after signing in - #2911",
      "[Fixed] Lots of bugs if there was a file named \"HEAD\" in the repository - #3009 #2721 #2938",
      "[Fixed] Handle duplicate config values when saving user.name and user.email - #2945",
      "[Fixed] The \"Create without pushing\" button when creating a new pull request wouldn't actually do anything - #2917 #2917"
    ],
    "1.0.4-beta0": [
      "[Improved] Increase the contrast of the modified file status octicons - #2914",
      "[Fixed] Showing changed files in Finder/Explorer would open the file - #2909",
      "[Fixed] macOS: Fix app icon on High Sierra - #2915",
      "[Fixed] Cloning an empty repository would fail - #2897 #2906",
      "[Fixed] Catch logging exceptions - #2910"
    ],
    "1.0.3": [
      "[Improved] Increase the contrast of the modified file status octicons - #2914",
      "[Fixed] Showing changed files in Finder/Explorer would open the file - #2909",
      "[Fixed] macOS: Fix app icon on High Sierra - #2915",
      "[Fixed] Cloning an empty repository would fail - #2897 #2906",
      "[Fixed] Catch logging exceptions - #2910"
    ],
    "1.0.2": [
      "[Improved] Better message for GitHub Enterprise users when there is a network error - #2574. Thanks @agisilaos!",
      "[Improved] Clone error message now suggests networking might be involved - #2872. Thanks @agisilaos!",
      "[Improved] Include push/pull progress information in the push/pull button tooltip - #2879",
      "[Improved] Allow publishing a brand new, empty repository - #2773",
      "[Improved] Make file paths in lists selectable - #2801. Thanks @artivilla!",
      "[Fixed] Disable LFS hook creation when cloning - #2809",
      "[Fixed] Use the new URL for the \"Show User Guides\" menu item - #2792. Thanks @db6edr!",
      "[Fixed] Make the SHA selectable when viewing commit details - #1154",
      "[Fixed] Windows: Make `github` CLI work in Git Bash - #2712",
      "[Fixed] Use the initial path provided when creating a new repository - #2883",
      "[Fixed] Windows: Avoid long path limits when discarding changes - #2833",
      "[Fixed] Files would get deleted when undoing the first commit - #2764",
      "[Fixed] Find the repository root before adding it - #2832",
      "[Fixed] Display warning about an existing folder before cloning - #2777 #2830",
      "[Fixed] Show contents of directory when showing a repository from Show in Explorer/Finder instead of showing the parent - #2798"
    ],
    "1.0.2-beta1": [
      "[Improved] Clone error message now suggests networking might be involved - #2872. Thanks @agisilaos!",
      "[Improved] Include push/pull progress information in the push/pull button tooltip - #2879",
      "[Improved] Allow publishing a brand new, empty repository - #2773",
      "[Improved] Make file paths in lists selectable - #2801. Thanks @artivilla!",
      "[Fixed] Use the initial path provided when creating a new repository - #2883",
      "[Fixed] Windows: Avoid long path limits when discarding changes - #2833",
      "[Fixed] Files would get deleted when undoing the first commit - #2764",
      "[Fixed] Find the repository root before adding it - #2832",
      "[Fixed] Display warning about an existing folder before cloning - #2777 #2830",
      "[Fixed] Show contents of directory when showing a repository from Show in Explorer/Finder instead of showing the parent - #2798"
    ],
    "1.0.2-beta0": [
      "[Improved] Message for GitHub Enterprise users when there is a network error - #2574. Thanks @agisilaos!",
      "[Fixed] Disable LFS hook creation when cloning - #2809",
      "[Fixed] Use the new URL for the \"Show User Guides\" menu item - #2792. Thanks @db6edr!",
      "[Fixed] Make the SHA selectable when viewing commit details - #1154",
      "[Fixed] Windows: Make `github` CLI work in Git Bash - #2712"
    ],
    "1.0.1": [
      "[Improved] Message for GitHub Enterprise users when there is a network error - #2574. Thanks @agisilaos!",
      "[Fixed] Disable LFS hook creation when cloning - #2809",
      "[Fixed] Use the new URL for the \"Show User Guides\" menu item - #2792. Thanks @db6edr!",
      "[Fixed] Make the SHA selectable when viewing commit details - #1154",
      "[Fixed] Windows: Make `github` CLI work in Git Bash - #2712"
    ],
    "1.0.1-beta0": [
      "[Fixed] Use the loading/disabled state while publishing - #1995",
      "[Fixed] Lock down menu item states for unborn repositories - #2744 #2573",
      "[Fixed] Windows: Detecting the available shells and editors when using a language other than English - #2735"
    ],
    "1.0.0": [
      "[Fixed] Use the loading/disabled state while publishing - #1995",
      "[Fixed] Lock down menu item states for unborn repositories - #2744 #2573",
      "[Fixed] Windows: Detecting the available shells and editors when using a language other than English - #2735"
    ],
    "1.0.0-beta3": [
      "[New] Allow users to create repositories with descriptions - #2719. Thanks @davidcelis!",
      "[New] Use `lfs clone` for faster cloning of LFS repositories - #2679",
      "[Improved] Prompt to override existing LFS filters - #2693",
      "[Fixed] Don't install LFS hooks when checking if a repo uses LFS - #2732",
      "[Fixed] Ensure nothing is staged as part of undoing the first commit - #2656",
      "[Fixed] \"Clone with Desktop\" wouldn't include the repository name in the path - #2704"
    ],
    "0.9.1": [
      "[New] Allow users to create repositories with descriptions - #2719. Thanks @davidcelis!",
      "[New] Use `lfs clone` for faster cloning of LFS repositories - #2679",
      "[Improved] Prompt to override existing LFS filters - #2693",
      "[Fixed] Don't install LFS hooks when checking if a repo uses LFS - #2732",
      "[Fixed] Ensure nothing is staged as part of undoing the first commit - #2656",
      "[Fixed] \"Clone with Desktop\" wouldn't include the repository name in the path - #2704"
    ],
    "1.0.0-beta2": [
      "[New] Allow users to create repositories with descriptions - #2719. Thanks @davidcelis!",
      "[New] Use `lfs clone` for faster cloning of LFS repositories - #2679",
      "[Improved] Prompt to override existing LFS filters - #2693",
      "[Fixed] Don't install LFS hooks when checking if a repo uses LFS - #2732",
      "[Fixed] Ensure nothing is staged as part of undoing the first commit - #2656",
      "[Fixed] \"Clone with Desktop\" wouldn't include the repository name in the path - #2704"
    ],
    "0.9.0": [
      "[New] Allow users to create repositories with descriptions - #2719. Thanks @davidcelis!",
      "[New] Use `lfs clone` for faster cloning of LFS repositories - #2679",
      "[Improved] Prompt to override existing LFS filters - #2693",
      "[Fixed] Don't install LFS hooks when checking if a repo uses LFS - #2732",
      "[Fixed] Ensure nothing is staged as part of undoing the first commit - #2656",
      "[Fixed] \"Clone with Desktop\" wouldn't include the repository name in the path - #2704"
    ],
    "0.8.2": [
      "[New] Ask to install LFS filters when an LFS repository is added - #2227",
      "[New] Clone GitHub repositories tab - #57",
      "[New] Option to opt-out of confirming discarding changes - #2681",
      "[Fixed] Long commit summary truncation - #1742",
      "[Fixed] Ensure the repository list is always enabled - #2648",
      "[Fixed] Windows: Detecting the available shells and editors when using a non-ASCII user encoding - #2624",
      "[Fixed] Clicking the \"Cancel\" button on the Publish Branch dialog - #2646",
      "[Fixed] Windows: Don't rely on PATH for knowing where to find chcp - #2678",
      "[Fixed] Relocating a repository now actually does that - #2685",
      "[Fixed] Clicking autocompletes inserts them - #2674",
      "[Fixed] Use shift for shortcut chord instead of alt - #2607",
      "[Fixed] macOS: \"Open in Terminal\" works with repositories with spaces in their path - #2682"
    ],
    "1.0.0-beta1": [
      "[New] Option to to opt-out of confirming discarding changes - #2681",
      "[Fixed] Windows: Don't rely on PATH for knowing where to find chcp - #2678",
      "[Fixed] Relocating a repository now actually does that - #2685",
      "[Fixed] Clicking autocompletes inserts them - #2674",
      "[Fixed] Use shift for shortcut chord instead of alt - #2607",
      "[Fixed] macOS: \"Open in Terminal\" works with repositories with spaces in their path - #2682"
    ],
    "1.0.0-beta0": [
      "[New] Ask to install LFS filters when an LFS repository is added - #2227",
      "[New] Clone GitHub repositories tab - #57",
      "[Fixed] Long commit summary truncation - #1742",
      "[Fixed] Ensure the repository list is always enabled - #2648",
      "[Fixed] Windows: Detecting the available shells and editors when using a non-ASCII user encoding - #2624",
      "[Fixed] Clicking the \"Cancel\" button on the Publish Branch dialog - #2646"
    ],
    "0.8.1": [
      "[New] 'Open in Shell' now supports multiple shells - #2473",
      "[New] Windows: Enable adding self-signed certificates - #2581",
      "[Improved] Enhanced image diffs - #2383",
      "[Improved] Line diffs - #2461",
      "[Improved] Octicons updated - #2495",
      "[Improved] Adds ability to close repository list using shortcut - #2532",
      "[Improved] Switch default buttons in the Publish Branch dialog - #2515",
      "[Improved] Bring back \"Contact Support\" - #1472",
      "[Improved] Persist repository filter text after closing repository list - #2571",
      "[Improved] Redesigned example commit in the Welcome flow - #2141",
      "[Improved] Tidy up initial \"external editor\" experience - #2551",
      "[Fixed] 'Include All' checkbox not in sync with partial selection - #2493",
      "[Fixed] Copied text from diff removed valid characters - #2499",
      "[Fixed] Click-focus on Windows would dismiss dialog - #2488",
      "[Fixed] Branch list not rendered in app - #2531",
      "[Fixed] Git operations checking certificate store - #2520",
      "[Fixed] Properly identify repositories whose remotes have a trailing slash - #2584",
      "[Fixed] Windows: Fix launching the `github` command line tool - #2563",
      "[Fixed] Use the primary email address if it's public - #2244",
      "[Fixed] Local branch not checked out after clone - #2561",
      "[Fixed] Only the most recent 30 issues would autocomplete for GitHub Enterprise repositories - #2541",
      "[Fixed] Missing \"View on GitHub\" menu item for non-Gitub repositories - #2615",
      "[Fixed] New tab opened when pressing \"]\" for certain keyboard layouts - #2607",
      "[Fixed] Windows: Crash when exiting full screen - #1502",
      "[Fixed] Windows: Detecting the available shells and editors when using a non-ASCII user encoding - #2624",
      "[Fixed] Ensure the repository list is always accessible - #2648"
    ],
    "0.8.1-beta4": [
      "[Improved] Persist repository filter text after closing repository list - #2571",
      "[Improved] Redesigned example commit in the Welcome flow - #2141",
      "[Improved] Tidy up initial \"external editor\" experience - #2551",
      "[Fixed] Missing \"View on GitHub\" menu item for non-Gitub repositories - #2615",
      "[Fixed] New tab opened when pressing \"]\" for certain keyboard layouts - #2607",
      "[Fixed] Windows: Crash when exiting full screen - #1502"
    ],
    "0.8.1-beta3": [
      "[New] Windows: Enable adding self-signed certificates - #2581",
      "[Improved] Adds ability to close repository list using shortcut - #2532",
      "[Improved] Switch default buttons in the Publish Branch dialog - #2515",
      "[Improved] Bring back \"Contact Support\" - #1472",
      "[Fixed] Properly identify repositories whose remotes have a trailing slash - #2584",
      "[Fixed] Windows: Fix launching the `github` command line tool - #2563",
      "[Fixed] Use the primary email address if it's public - #2244",
      "[Fixed] Local branch not checked out after clone - #2561",
      "[Fixed] Only the most recent 30 issues would autocomplete for GitHub Enterprise repositories - #2541"
    ],
    "0.8.1-beta2": [
      "[Fixed] Branch list not rendered in app - #2531",
      "[Fixed] Git operations checking certificate store - #2520"
    ],
    "0.8.1-beta1": [
      "[New] 'Open in Shell' now supports multiple shells - #2473",
      "[Improved] Enhanced image diffs - #2383",
      "[Improved] Line diffs - #2461",
      "[Improved] Octicons updated - #2495",
      "[Fixed] 'Include All' checkbox not in sync with partial selection - #2493",
      "[Fixed] Copied text from diff removed valid characters - #2499",
      "[Fixed] Click-focus on Windows would dismiss dialog - #2488"
    ],
    "0.8.1-beta0": [],
    "0.8.0": [
      "[New] Added commit context menu - #2434",
      "[New] Added 'Open in External Editor' - #2009",
      "[New] Can choose whether a branch should be deleted on the remote as well as locally - #2136",
      "[New] Support authenticating with non-GitHub servers - #852",
      "[New] Added the ability to revert a commit - #752",
      "[New] Added a keyboard shortcut for opening the repository in the shell - #2138",
      "[Improved] Copied diff text no longer includes the line changetype markers - #1499",
      "[Improved] Fetch if a push fails because they need to pull first - #2431",
      "[Improved] Discard changes performance - #1889",
      "[Fixed] Show 'Add Repository' dialog when repository is dragged onto the app - #2442",
      "[Fixed] Dialog component did not remove event handler - #2469",
      "[Fixed] Open in External Editor context menu - #2475",
      "[Fixed] Update to Git 2.14.1 to fix security vulnerability - #2432",
      "[Fixed] Recent branches disappearing after renaming a branch - #2426",
      "[Fixed] Changing the default branch on GitHub.com is now reflected in the app - #1489",
      "[Fixed] Swap around some callouts for no repositories - #2447",
      "[Fixed] Darker unfocused selection color - #1669",
      "[Fixed] Increase the max sidebar width - #1588",
      "[Fixed] Don't say \"Publish this branch to GitHub\" for non-GitHub repositories - #1498",
      "[Fixed] macOS: Protocol schemes not getting registered - #2429",
      "[Fixed] Patches which contain the \"no newline\" marker would fail to apply - #2123",
      "[Fixed] Close the autocompletion popover when it loses focus - #2358",
      "[Fixed] Clear the selected org when switching Publish Repository tabs - #2386",
      "[Fixed] 'Create Without Pushing' button throwing an exception while opening a pull request - #2368",
      "[Fixed] Windows: Don't removing the running app out from under itself when there are updates pending - #2373",
      "[Fixed] Windows: Respect `core.autocrlf` and `core.safeclrf` when modifying the .gitignore - #1535",
      "[Fixed] Windows: Fix opening the app from the command line - #2396",
      "[Fixed] 'Create Without Pushing' button throwing an exception while opening a pull request - #2368"
    ],
    "0.7.3-beta5": [],
    "0.7.3-beta4": [],
    "0.7.3-beta3": [],
    "0.7.3-beta2": [],
    "0.7.3-beta1": [],
    "0.7.3-beta0": [],
    "0.7.2": ["[Fixed] Issues with auto-updating to 0.7.1."],
    "0.7.2-beta0": [],
    "0.7.1": [
      "[Improved] Redesigned error and warning dialogs to be clearer - #2277",
      "[Improved] Create Pull Request dialog shows more feedback while it's working - #2265",
      "[Improved] Version text is now copiable - #1935",
      "[Fixed] Preserve existing GitHub API information when API requests fail - #2282",
      "[Fixed] Pass through error messages as received from the API - #2279",
      "[Fixed] The Pull and Create Pull Request menu items had the same shortcut - #2274",
      "[Fixed] Launching the `github` command line tool from a Fish shell - #2299",
      "[Fixed] Help menu items now work - #2314",
      "[Fixed] Windows: `github` command line tool not installing after updating - #2312",
      "[Fixed] Caret position jumping around while changing the path for adding a local repository - #2222",
      "[Fixed] Error dialogs being closed too easily - #2211",
      "[Fixed] Windows: Non-ASCII credentials were mangled - #189"
    ],
    "0.7.1-beta5": [
      "[Improved] Redesigned error and warning dialogs to be clearer - #2277",
      "[Improved] Create Pull Request dialog shows more feedback while it's working - #2265",
      "[Fixed] Preserve existing GitHub API information when API requests fail - #2282",
      "[Fixed] Pass through error messages as received from the API - #2279",
      "[Fixed] The Pull and Create Pull Request menu items had the same shortcut - #2274",
      "[Fixed] Launching the `github` command line tool from a Fish shell - #2299",
      "[Fixed] Help menu items now work - #2314",
      "[Fixed] Windows: `github` command line tool not installing after updating - #2312",
      "[Fixed] Caret position jumping around while changing the path for adding a local repository - #2222",
      "[Fixed] Error dialogs being closed too easily - #2211",
      "[Fixed] Windows: Non-ASCII credentials were mangled - #189"
    ],
    "0.7.1-beta4": [],
    "0.7.1-beta3": [],
    "0.7.1-beta2": [],
    "0.7.1-beta1": [],
    "0.7.1-beta0": [
      "[Improved] Redesigned error and warning dialogs to be clearer - #2277",
      "[Fixed] Preserve existing GitHub API information when API requests fail - #2282",
      "[Fixed] Pass through error messages as received from the API - #2279",
      "[Fixed] The Pull and Create Pull Request menu items had the same shortcut - #2274",
      "[Fixed] Launching the `github` command line tool from a Fish shell - #2299"
    ],
    "0.7.0": [
      "[New] Added the Branch > Create Pull Request menu item - #2135",
      "[New] Added the `github` command line tool - #696",
      "[Improved] Better error message when publishing a repository fails - #2089",
      "[Improved] Windows: Don't recreate the desktop shortcut if it's been deleted - #1759",
      "[Fixed] Cloning a repository's wiki - #1624",
      "[Fixed] Don't call GitHub Enterprise GitHub.com - #2094",
      "[Fixed] Don't push after publishing a new repository if the branch is unborn - #2086",
      "[Fixed] Don't close dialogs when clicking the title bar - #2056",
      "[Fixed] Windows: Clicking 'Show in Explorer' doesn't bring Explorer to the front - #2127",
      "[Fixed] Windows: Opening links doesn't bring the browser to the front - #1945",
      "[Fixed] macOS: Closing the window wouldn't exit fullscreen -  #1901",
      "[Fixed] Scale blankslate images so they look nicer on high resolution displays - #1946",
      "[Fixed] Windows: Installer not completing or getting stuck in a loop - #1875 #1863",
      "[Fixed] Move the 'Forgot Password' link to fix the tab order of the sign in view - #2200"
    ],
    "0.6.3-beta7": [],
    "0.6.3-beta6": [],
    "0.6.3-beta5": [],
    "0.6.3-beta4": [],
    "0.6.3-beta3": [],
    "0.6.3-beta2": [],
    "0.6.3-beta1": [],
    "0.6.3-beta0": [],
    "0.6.2": [
      "[New] Link to User Guides from the Help menu - #1963",
      "[New] Added the 'Open in External Editor' contextual menu item to changed files - #2023",
      "[New] Added the 'Show' and 'Open Command Prompt' contextual menu items to repositories - #1554",
      "[New] Windows: Support self-signed or untrusted certificates - #671",
      "[New] Copy the SHA to the clipboard when clicked - #1501",
      "[Improved] Provide the option of initializing a new repository when adding a directory that isn't already one - #969",
      "[Improved] Link to the working directory when there are no changes - #1871",
      "[Improved] Hitting Enter when selecting a base branch creates the new branch - #1780",
      "[Improved] Prefix repository names with their owner if they are ambiguous - #1848",
      "[Fixed] Sort and filter licenses like GitHub.com - #1987",
      "[Fixed] Long branch names not getting truncated in the Rename Branch dialog - #1891",
      "[Fixed] Prune old log files - #1540",
      "[Fixed] Ensure the local path is valid before trying to create a new repository - #1487",
      "[Fixed] Support cloning repository wikis - #1624",
      "[Fixed] Disable the Select All checkbox when there are no changes - #1389",
      "[Fixed] Changed docx files wouldn't show anything in the diff panel - #1990",
      "[Fixed] Disable the Merge button when there are no commits to merge - #1359",
      "[Fixed] Username/password authentication not working for GitHub Enterprise - #2064",
      "[Fixed] Better error messages when an API call fails - #2017",
      "[Fixed] Create the 'logs' directory if it doesn't exist - #1550",
      "[Fixed] Enable the 'Remove' menu item for missing repositories - #1776"
    ],
    "0.6.1": [
      "[Fixed] Properly log stats opt in/out - #1949",
      "[Fixed] Source maps for exceptions in the main process - #1957",
      "[Fixed] Styling of the exception dialog - #1956",
      "[Fixed] Handle ambiguous references - #1947",
      "[Fixed] Handle non-ASCII text in diffs - #1970",
      "[Fixed] Uncaught exception when hitting the arrow keys after showing autocompletions - #1971",
      "[Fixed] Clear the organizations list when publishing a new repository and switching between tabs - #1969",
      "[Fixed] Push properly when a tracking branch has a different name from the local branch - #1967",
      "[Improved] Warn when line endings will change - #1906"
    ],
    "0.6.0": [
      "[Fixed] Issue autocompletion not working for older issues - #1814",
      "[Fixed] GitHub repository association not working for repositories with some remote URL formats - #1826 #1679",
      "[Fixed] Don't try to delete a remote branch that no longer exists - #1829",
      "[Fixed] Tokens created by development builds would be used in production builds but wouldn't work - #1727",
      "[Fixed] Submodules can now be added - #708",
      "[Fixed] Properly handle the case where a file is added to the index but removed from the working tree - #1310",
      "[Fixed] Use a local image for the default avatar - #1621",
      "[Fixed] Make the file path in diffs selectable - #1768",
      "[Improved] More logging! - #1823",
      "[Improved] Better error message when trying to add something that's not a repository - #1747",
      "[Improved] Copy the shell environment into the app's environment - #1796",
      "[Improved] Updated to Git 2.13.0 - #1897",
      "[Improved] Add 'Reveal' to the contextual menu for changed files - #1566",
      "[Improved] Better handling of large diffs - #1818 #1524",
      "[Improved] App launch time - #1900"
    ],
    "0.5.9": [
      "[New] Added Zoom In and Zoom Out - #1217",
      "[Fixed] Various errors when on an unborn branch - #1450",
      "[Fixed] Disable push/pull menu items when there is no remote - #1448",
      "[Fixed] Better error message when the GitHub Enterprise version is too old - #1628",
      "[Fixed] Error parsing non-JSON responses - #1505 #1522",
      "[Fixed] Updated the 'Install Git' help documentation link - #1797",
      "[Fixed] Disable menu items while in the Welcome flow - #1529",
      "[Fixed] Windows: Fall back to HOME if Document cannot be found - #1825",
      "[Improved] Close the window when an exception occurs - #1562",
      "[Improved] Always use merge when pulling - #1627",
      "[Improved] Move the 'New Branch' menu item into the Branch menu - #1757",
      "[Improved] Remove Repository's default button is now Cancel - #1751",
      "[Improved] Only fetch the default remote - #1435",
      "[Improved] Faster commits with many files - #1405",
      "[Improved] Measure startup time more reliably - #1798",
      "[Improved] Prefer the GitHub repository name instead of the name on disk - #664"
    ],
    "0.5.8": [
      "[Fixed] Switching tabs in Preferences/Settings or Repository Settings would close the dialog - #1724",
      "[Improved] Standardized colors which improves contrast and readability - #1713"
    ],
    "0.5.7": [
      "[Fixed] Windows: Handle protocol events which launch the app - #1582",
      "[Fixed] Opting out of stats reporting in the Welcome flow - #1698",
      "[Fixed] Commit description text being too light - #1695",
      "[Fixed] Exception on startup if the app was activated too quickly - #1564",
      "[Improved] Default directory for cloning now - #1663",
      "[Improved] Accessibility support - #1289",
      "[Improved] Lovely blank slate illustrations - #1708"
    ],
    "0.5.6": [
      "[Fixed] macOS: The buttons in the Untrusted Server dialog not doing anything - #1622",
      "[Fixed] Better warning in Rename Branch when the branch will be created with a different name than was entered - #1480",
      "[Fixed] Provide a tooltip for commit summaries in the History list - #1483",
      "[Fixed] Prevent the Update Available banner from getting squished - #1632",
      "[Fixed] Title bar not responding to double-clicks - #1590 #1655",
      "[Improved] Discard All Changes is now accessible by right-clicking the file column header - #1635"
    ],
    "0.5.5": [
      "[Fixed] Save the default path after creating a new repository - #1486",
      "[Fixed] Only let the user launch the browser once for the OAuth flow - #1427",
      "[Fixed] Don't linkify invalid URLs - #1456",
      "[Fixed] Excessive padding in the Merge Branch dialog - #1577",
      "[Fixed] Octicon pixel alignment issues - #1584",
      "[Fixed] Windows: Invoking some menu items would break the window's snapped state - #1603",
      "[Fixed] macOS: Errors authenticating while pushing - #1514",
      "[Fixed] Don't linkify links in the History list or in Undo - #1548 #1608 #1474",
      "[Fixed] Diffs not working when certain git config values were set - #1559"
    ],
    "0.5.4": [
      "[Fixed] The release notes URL pointed to the wrong page - #1503",
      "[Fixed] Only create the `logs` directory if it doesn't already exist - #1510",
      "[Fixed] Uncaught exception creating a new repository if you aren't a member of any orgs - #1507",
      "[Fixed] Only report the first uncaught exception - #1517",
      "[Fixed] Include the name of the default branch in the New Branch dialog - #1449",
      "[Fixed] Uncaught exception if a network error occurred while loading user email addresses - #1522 #1508",
      "[Fixed] Uncaught exception while performing a contextual menu action - #1532",
      "[Improved] Move all error logging to the main process - #1473",
      "[Improved] Stats reporting reliability - #1561"
    ],
    "0.5.3": [
      "[Fixed] Display of large image diffs - #1494",
      "[Fixed] Discard Changes spacing - #1495"
    ],
    "0.5.2": [
      "[Fixed] Display errors that happen while publishing a repository - #1396",
      "[Fixed] Menu items not updating - #1462",
      "[Fixed] Always select the first changed file - #1306",
      "[Fixed] macOS: Use Title Case consistently - #1477 #1481",
      "[Fixed] Create Branch padding - #1479",
      "[Fixed] Bottom padding in commit descriptions - #1345",
      "[Improved] Dialog polish - #1451",
      "[Improved] Store logs in a logs directory - #1370",
      "[Improved] New Welcome illustrations - #1471",
      "[Improved] Request confirmation before removing a repository - #1233",
      "[Improved] Windows icon polish - #1457"
    ],
    "0.5.1": [
      "[New] Windows: A nice little gif while installing the app - #1440",
      "[Fixed] Disable pinch zoom - #1431",
      "[Fixed] Don't show carriage return indicators in diffs - #1444",
      "[Fixed] History wouldn't update after switching branches - #1446",
      "[Improved] Include more information in exception reports - #1429",
      "[Improved] Updated Terms and Conditions - #1438",
      "[Improved] Sub-pixel anti-aliasing in some lists - #1452",
      "[Improved] Windows: A new application identifier, less likely to collide with other apps - #1441"
    ],
    "0.5.0": [
      "[Added] Menu item for showing the app logs - #1349",
      "[Fixed] Don't let the two-factor authentication dialog be submitted while it's empty - #1386",
      "[Fixed] Undo Commit showing the wrong commit - #1373",
      "[Fixed] Windows: Update the icon used for the installer - #1410",
      "[Fixed] Undoing the first commit - #1401",
      "[Fixed] A second window would be opened during the OAuth dance - #1382",
      "[Fixed] Don't include the comment from the default merge commit message - #1367",
      "[Fixed] Show progress while committing - #923",
      "[Fixed] Windows: Merge Branch sizing would be wrong on high DPI monitors - #1210",
      "[Fixed] Windows: Resize the app from the top left corner - #1424",
      "[Fixed] Changing the destination path for cloning a repository now appends the repository's name - #1408",
      "[Fixed] The blank slate view could be visible briefly when the app launched - #1398",
      "[Improved] Performance updating menu items - #1321",
      "[Improved] Windows: Dim the title bar when the app loses focus - #1189"
    ],
    "0.0.39": ["[Fixed] An uncaught exception when adding a user - #1394"],
    "0.0.38": [
      "[New] Shiny new icon! - #1221",
      "[New] More helpful blank slate view - #871",
      "[Fixed] Don't allow Undo while pushing/pulling/fetching - #1047",
      "[Fixed] Updating the default branch on GitHub wouldn't be reflected in the app - #1028 #1314",
      "[Fixed] Long repository names would overflow their container - #1331",
      "[Fixed] Removed development menu items in production builds - #1031 #1251 #1323 #1340",
      "[Fixed] Create Branch no longer changes as it's animating closed - #1304",
      "[Fixed] Windows: Cut / Copy / Paste menu items not working - #1379",
      "[Improved] Show a better error message when the user tries to authenticate with a personal access token - #1313",
      "[Improved] Link to the repository New Issue page from the Help menu - #1349",
      "[Improved] Clone in Desktop opens the Clone dialog - #918"
    ],
    "0.0.37": [
      "[Fixed] Better display of the 'no newline at end of file' indicator - #1253",
      "[Fixed] macOS: Destructive dialogs now use the expected button order - #1315",
      "[Fixed] Display of submodule paths - #785",
      "[Fixed] Incomplete stats submission - #1337",
      "[Improved] Redesigned welcome flow - #1254",
      "[Improved] App launch time - #1225",
      "[Improved] Handle uncaught exceptions - #1106"
    ],
    "0.0.36": [
      "[Fixed] Bugs around associating an email address with a GitHub user - #975",
      "[Fixed] Use the correct reference name for an unborn branch - #1283",
      "[Fixed] Better diffs for renamed files - #980",
      "[Fixed] Typo in Create Branch - #1303",
      "[Fixed] Don't allow whitespace-only branch names - #1288",
      "[Improved] Focus ring polish - #1287",
      "[Improved] Less intrusive update notifications - #1136",
      "[Improved] Faster launch time on Windows - #1309",
      "[Improved] Faster git information refreshing - #1305",
      "[Improved] More consistent use of sentence case on Windows - #1316",
      "[Improved] Autocomplete polish - #1241"
    ],
    "0.0.35": [
      "[New] Show push/pull/fetch progress - #1238",
      "[Fixed] macOS: Add the Zoom menu item - #1260",
      "[Fixed] macOS: Don't show the titlebar while full screened - #1247",
      "[Fixed] Windows: Updates would make the app unresponsive - #1269",
      "[Fixed] Windows: Keyboard navigation in menus - #1293",
      "[Fixed] Windows: Repositories list item not working - #1293",
      "[Fixed] Auto updater errors not being propagated properly - #1266",
      "[Fixed] Only show the current branch tooltip on the branches button - #1275",
      "[Fixed] Double path truncation - #1270",
      "[Fixed] Sometimes toggling a file's checkbox would get undone - #1248",
      "[Fixed] Uncaught exception when internet connectivity was lost - #1048",
      "[Fixed] Cloned repositories wouldn't be associated with their GitHub repository - #1285",
      "[Improved] Better performance on large repositories - #1281",
      "[Improved] Commit summary is now expandable when the summary is long - #519",
      "[Improved] The SHA in historical commits is now selectable - #1154",
      "[Improved] The Create Branch dialog was polished and refined - #1137"
    ],
    "0.0.34": [
      "[New] macOS: Users can choose whether to accept untrusted certificates - #671",
      "[New] Windows: Users are prompted to install git when opening a shell if it is not installed - #813",
      "[New] Checkout progress is shown if branch switching takes a while - #1208",
      "[New] Commit summary and description are automatically populated for merge conflicts - #1228",
      "[Fixed] Cloning repositories while not signed in - #1163",
      "[Fixed] Merge commits are now created as merge commits - #1216",
      "[Fixed] Display of diffs with /r newline - #1234",
      "[Fixed] Windows: Maximized windows are no longer positioned slightly off screen - #1202",
      "[Fixed] JSON parse errors - #1243",
      "[Fixed] GitHub Enterprise repositories were not associated with the proper Enterprise repository - #1242",
      "[Fixed] Timestamps in the Branches list would wrap - #1255",
      "[Fixed] Merges created from pulling wouldn't use the right git author - #1262",
      "[Improved] Check for update errors are suppressed if they happen in the background - #1104, #1195",
      "[Improved] The shortcut to show the repositories list is now command or control-T - #1220",
      "[Improved] Command or control-W now closes open dialogs - #949",
      "[Improved] Less memory usage while parsing large diffs - #1235"
    ],
    "0.0.33": ["[Fixed] Update Now wouldn't update now - #1209"],
    "0.0.32": [
      "[New] You can now disable stats reporting from Preferences > Advanced - #1120",
      "[New] Acknowledgements are now available from About - #810",
      "[New] Open pull requests from dot com in the app - #808",
      "[Fixed] Don't show background fetch errors - #875",
      "[Fixed] No more surprise and delight - #620",
      "[Fixed] Can't discard renamed files - #1177",
      "[Fixed] Logging out of one account would log out of all accounts - #1192",
      "[Fixed] Renamed files truncation - #695",
      "[Fixed] Git on Windows now integrates with the system certificate store - #706",
      "[Fixed] Cloning with an account/repoository shortcut would always fail - #1150",
      "[Fixed] OS version reporting - #1130",
      "[Fixed] Publish a new repository would always fail - #1046",
      "[Fixed] Authentication would fail for the first repository after logging in - #1118",
      "[Fixed] Don't flood the user with errors if a repository disappears on disk - #1132",
      "[Improved] The Merge dialog uses the Branches list instead of a drop down menu - #749",
      "[Improved] Lots of design polish - #1188, #1183, #1170, #1184, #1181, #1179, #1142, #1125"
    ],
    "0.0.31": [
      "[New] Prompt user to login when authentication error occurs - #903",
      "[New] Windows application has a new app menu, replaces previous hamburger menu - #991",
      "[New] Refreshed colours to align with GitHub website scheme -  #1077",
      "[New] Custom about dialog on all platforms - #1102",
      "[Fixed] Improved error handling when probing for a GitHub Enterprise server - #1026",
      "[Fixed] User can cancel 2FA flow - #1057",
      "[Fixed] Tidy up current set of menu items - #1063",
      "[Fixed] Manually focus the window when a URL action has been received - #1072",
      "[Fixed] Disable middle-click event to prevent new windows being launched - #1074",
      "[Fixed] Pre-fill the account name in the Welcome wizard, not login - #1078",
      "[Fixed] Diffs wouldn't work if an external diff program was configured - #1123",
      "[Improved] Lots of design polish work - #1113, #1099, #1094, #1077"
    ],
    "0.0.30": [
      "[Fixed] Crash when invoking menu item due to incorrect method signature - #1041"
    ],
    "0.0.29": [
      "[New] Commit summary and description fields now display issues and mentions as links for GitHub repositories - #941",
      "[New] Show placeholder when the repository cannot be found on disk - #946",
      "[New] New Repository actions moved out of popover and into new menu - #1018",
      "[Fixed] Display a helpful error message when an unverified user signs into GitHub Desktop - #1010",
      "[Fixed] Fix kerning issue when access keys displayed - #1033",
      "[Fixed] Protected branches show a descriptive error when the push is rejected - #1036",
      "[Fixed] 'Open in shell' on Windows opens to repository location - #1037"
    ],
    "0.0.28": ["[Fixed] Bumping release notes to test deployments again"],
    "0.0.27": [
      "[Fixed] 2FA dialog when authenticating has information for SMS authentication - #1009",
      "[Fixed] Autocomplete for users handles accounts containing `-` - #1008"
    ],
    "0.0.26": [
      "[Fixed] Address deployment issue by properly documenting release notes"
    ],
    "0.0.25": [
      "[Added] Autocomplete displays user matches - #942",
      "[Fixed] Handle Enter key in repository and branch list when no matches exist - #995",
      "[Fixed] 'Add Repository' button displays in dropdown when repository list empty - #984",
      "[Fixed] Correct icon displayed for non-GitHub repository - #964 #955",
      "[Fixed] Enter key when inside dialog submits form - #956",
      "[Fixed] Updated URL handler entry on macOS - #945",
      "[Fixed] Commit button is disabled while commit in progress - #940",
      "[Fixed] Handle index state change when gitginore change is discarded - #935",
      "[Fixed] 'Create New Branch' view squashes branch list when expanded - #927",
      "[Fixed] Application creates repository path if it doesn't exist on disk - #925",
      "[Improved] Preferences sign-in flow updated to standalone dialogs - #961"
    ],
    "0.0.24": ["Changed a thing", "Added another thing"]
  }
}
